,0
0,100-KHI Fuel Payout April 26 - 28
1,101-LHR Payout 24th - 30th April
2,102-BulkUpload - 2023-05-04 Agencies and Reimbursements
3,103-ISB Rental FTM of April
4,104-ISB Payout 24th - 30th Apr
5,105-LHR Toll Payout Apr
6,106-LHR Rental Payout April 
7,11-Reattempt of Stuck Payments 9-Jan
8,12-Karachi Fuel Payout
9,13-Lahore Fuel payout 2nd - 8th Jan
10,14-ISB Payout 2nd - 8th Jan 
11,15-Missing Fuel (Dec)
12,16-Karachi Fuel Payout 06-01-23 - 12-01-23
13,17-ISB Payout 9th - 15th Jan
14,18-LHR variable 9th - 15th Jan
15,19-Karachi Monthly Rent 11 Dec - 10 Jan
16,2-Testing File 2
17,21-BulkUpload - 2023-01-19-Omar-Samsung
18,22-BulkUpload - Loan Payoffs
19,23-BulkUpload - 2023-01-24 - Agencies and Deposits
20,24-Karachi Fuel Payout 13-01-23 - 19-01-23
21,25-ISB payout 16 - 22 Jan
22,26-LHR payout 16- 22 Jan
23,27-Karachi Fuel Payout 20-01-23 - 27-01-23
24,28-LHR variable 23rd - 29th Jan
25,29-ISB Payout 23rd - 29th Jan
26,3-Islamabad Payout 26t Dec - 1st Jan
27,30-Karachi Fuel Payout 28-01-23 - 03-02-23
28,31-LHR variable 30th Jan - 5th Feb
29,32-ISB Payout 30th Jan - 5th Feb
30,33-LHR Toll Payout Jan
31,34-LHR JAN Rent Payout
32,35-ISB payout 6th - 12th Feb
33,36-LHR Payout 6th - 12th Feb
34,37-Karachi Fuel Payout 04-02-23 - 09-02-23
35,38-ISB payout 6th - 12th Feb (Reattempt)
36,39-Karachi Rent Payout - January 2023
37,4-Lahore Variable Payout 26th Dec - 1st Jan
38,40-Update January Rent Payout 2023
39,43-Employee Reimbursements (21st Feb 2023)
40,44-LHR variable 13th - 19th Feb
41,45-Fuel Payout ( 13-02-2023 - 18-02-2023
42,46-ISB Payout 13th - 19th Feb
43,48-BulkUpload - 2023-03-01 Agencies and Reimbursements
44,49-Fuel 19-02-23 - 24-02-23
45,5-Lahore Rent Payout FTM of Dec
46,50-LHR variable Payout 20th - 26th Feb
47,51-ISB Payout 20th - 26th Feb
48,52-Lahore FEB Rental
49,53-Lahore Feb Tolls
50,54-27-02-2023 - 03-02-2023 fuel payout
51,55-LHR Variable 27th Feb - 5th Mar
52,56-BulkUpload - 2023-03-09 Agencies and Reimbursements
53,57-ISB Payout 27th Feb - 5th Mar
54,58-27-02-23 -03-03-23
55,59-Feb - Rent Karachi 2023
56,60-Fuel  06-03-23 - 10-03 -23
57,61-LHR Variable Payout 6th - 12th Mar
58,62-ISB Payout 6 - 12 Mar
59,64-Feb 10-Mar 10 Karachi Rent
60,65-Marach 06 -10 Karachi Fuel
61,66-Fuel Payment March
62,67-ISB payout 13th - 19th March
63,68-LHR payout 13th - 19th March
64,69-Fuel Payment March 3
65,7-Toll Payout LHR FTM of Dec
66,70-ISB Payout 20th - 26th Mar
67,71-LHR Payout 20th-26th Mar
68,72-Fuel March 4
69,73-LHR payout 27th Mar - 2nd Apr
70,74-ISB Rent + Fuel (27Mar-2Apr)
71,75-LHR Rent Payout Mar
72,76-LHR Toll Payout Mar
73,77-BulkUpload - 2023-04-10 Agencies and Reimbursements
74,78-Fuel Payout Apirl 03 - 07 
75,79-ISB payout 3rd - 9th April 
76,8-LHR Rent Payout FTM of Dec
77,80-LHR Payout 3rd - 9th Apr
78,81-LHR Rental till 9th April
79,82-LHR Tolls Till 9th April
80,83-March Rent Retail
81,84-Fuel Payout April 10 - 14
82,85-ISB payout 10th - 16th April
83,86-LHR Eid Captain Bonus
84,87-LHR captain eid bonus 2
85,88-Captain Bonus
86,89-LHR Variable 10th - 16th April
87,9-LHR Toll Payout FTM of Dec
88,90-Eid Bonus
89,91-ISB Eid Captain Bonus
90,92-ISB Eid Bonus Reattempt 1
91,93-BulkUpload - Employee Eidi
92,94-LHR Eid Bonus Reattempt 1
93,95-LHR Eid Bonus Reattempt 2
94,96-LHR Eid Bonus Reattempt 3
95,97-LHR Payout 17th - 23rd April
96,98-ISB payout 17th - 23rd April
97,99-Fuel Payout April 17 - 20
98,SI</option
